name,department,mobile
Donna,Legal,4836424229
Eddie,Training,5285035961
Revkah,Engineering,6945093906
Wendeline,Support,2671439399
El,Sales,2944693337
Haleigh,Business Development,2273156127
Dorothy,Support,6951816423
Alida,Accounting,4922675025
Luca,Engineering,9604406447
Lisle,Product Management,4757744173
Lenette,Sales,5318110803
Chloris,Training,9216916819
Viviyan,Research and Development,3891128114
Kipp,Product Management,4024783977
Myca,Services,4669037650
Forester,Marketing,4465900430
Collette,Product Management,5856169771
Arin,Human Resources,4489620620
Reginauld,Sales,3972527196
Vanny,Legal,7134873547
Joe,Engineering,6811839701
Marketa,Marketing,6503443369
Sully,Training,8751333746
Galen,Sales,7201778939
Dorothea,Research and Development,6418976705
Friedrick,Product Management,9189135976
Gavra,Product Management,2301601497
Chase,Accounting,8597413962
Malory,Human Resources,9743724400
Agustin,Research and Development,2666010740
Reine,Research and Development,5656567184
Elianora,Engineering,2023848783
Doug,Engineering,2204186300
Ingaborg,Research and Development,9199907466
Jacky,Support,3977341234
Glynn,Research and Development,4447779507
April,Human Resources,1109645944
Hazel,Engineering,9681226242
Olag,Sales,4949300162
Mariquilla,Training,6539939925
Codee,Marketing,1266327519
Pamelina,Legal,8287145556
Patrice,Training,8773222512
Katrinka,Sales,8901490188
Karilynn,Sales,1982087389
Martynne,Support,3419324628
Blancha,Legal,9892324097
Felicio,Legal,5744055331
Timi,Accounting,6078488702
Darci,Human Resources,8225510356
Jacquenette,Support,3723431325
Estrellita,Training,2005683977
Fletch,Research and Development,9972326534
Atlanta,Research and Development,8184251011
Reynolds,Legal,4983388743
Celie,Accounting,6208613275
Weider,Human Resources,4752724736
Halsey,Accounting,3789011483
Alfie,Legal,2391073396
Quentin,Business Development,1461700650
Drusilla,Support,6505561357
Duffy,Research and Development,5002424731
Paule,Training,5267567399
Brianna,Services,2081024941
Roseanna,Sales,6894734698
Giacobo,Legal,1378829714
Amalie,Sales,9095841107
Willamina,Sales,3919399334
Dawna,Accounting,7079520067
Pren,Legal,8195712144
Phylys,Legal,9343817025
Verney,Legal,9661647382
Alison,Business Development,8525146449
Jessica,Research and Development,4802970109
Sheilah,Human Resources,1278335327
Virgina,Support,2245857039
Vassily,Training,7661101430
Ulrick,Services,4583241366
Muffin,Business Development,1544340806
Aleen,Sales,2887434423
Rosalynd,Accounting,8838249248
Normy,Accounting,8515393572
Nady,Business Development,3326755531
Laurie,Sales,4705765341
Marshall,Research and Development,2375782180
Gerick,Marketing,4352673254
Magdalen,Business Development,5152743180
Johan,Research and Development,7966935597
Spencer,Accounting,9011393833
Kayla,Sales,2139597859
Karilynn,Business Development,1435616265
Silvan,Training,2518829300
Barbette,Training,7471548447
Cordelia,Services,8325458928
Shepherd,Sales,5227188456
Mala,Training,9105930702
Tiffie,Services,6243409451
Betty,Engineering,3818687718
Jami,Sales,6545129476
Erda,Accounting,1195909761
Cynthy,Accounting,6221793187
Sidonia,Human Resources,8761932996
Robin,Product Management,6581453279
Shir,Accounting,9156039381
Alberik,Product Management,8657431454
Forrester,Engineering,6153878444
Tanya,Sales,2976128065
Alidia,Engineering,9077764435
Dorris,Research and Development,1176547995
Mikol,Product Management,1431066435
Fulton,Engineering,6273484209
Alana,Accounting,9737562422
Sherry,Support,5423969121
Hanni,Accounting,1539020942
Margalo,Business Development,1223731651
Janeva,Sales,3404062111
Avigdor,Engineering,6366241085
Mureil,Accounting,8104260921
Bendicty,Human Resources,7559836826
Harlin,Engineering,3824241622
Tarah,Research and Development,4276067016
Niall,Legal,4793657516
Emmeline,Sales,5925401026
Ali,Legal,9231124865
Vachel,Services,6303079327
Tammie,Sales,3793597150
Johnny,Engineering,1005485498
Durand,Engineering,3067093109
Silvain,Product Management,7689714292
Evelyn,Training,3553165490
Cord,Training,3613855600
Karlens,Marketing,6865134800
Laverne,Product Management,2816006163
Benny,Business Development,1394843265
Fidela,Training,4363900218
Salem,Legal,1251142209
Queenie,Accounting,4667688332
Prentiss,Training,4383940798
Ingelbert,Support,7112131671
Nana,Legal,4171119726
Malanie,Product Management,4675157856
Bobby,Product Management,9662264421
Alberik,Research and Development,3067732426
Sidney,Engineering,8265696753
Giles,Business Development,4245795545
Gael,Accounting,9899805134
Belva,Sales,8045981767
Cammie,Accounting,7621647353
Annmaria,Training,2573619301
Patten,Training,6536812842
Krishna,Product Management,5764141313
Aguste,Accounting,7801574861
Poppy,Training,6604447803
Dorise,Marketing,9837577362
Bianka,Services,1998142464
Karee,Marketing,5654962329
Emanuel,Business Development,8193452274
Allsun,Services,6169993848
Kaitlyn,Services,4466969498
Hali,Marketing,9427186358
Maria,Training,6585644693
Ade,Accounting,7407710024
Mersey,Training,8948953653
Tremayne,Accounting,6912466466
Galven,Sales,2778221322
Tabbitha,Human Resources,9412822254
Walt,Human Resources,4734642914
Isabella,Human Resources,2356493580
Conrade,Support,5288935222
Pansy,Marketing,5028510717
Teodorico,Engineering,2363208900
Margarette,Research and Development,3025809489
Dan,Marketing,2522973318
Heloise,Research and Development,1035396629
Hailey,Research and Development,2476684407
Gun,Business Development,9758014308
Cozmo,Product Management,5156372545
Reggie,Legal,2491901794
Willie,Human Resources,5961109104
Aarika,Legal,5682803642
Carilyn,Marketing,9659699253
Crystal,Legal,3328346696
Lilli,Services,6347182036
Anna-diane,Business Development,4374928134
Natty,Accounting,4411336190
Gnni,Accounting,2923705334
Juana,Support,8312142893
Freddie,Engineering,9442556461
Chuck,Human Resources,7175671969
Dalis,Engineering,5126187779
Ginnie,Marketing,4468606941
Somerset,Marketing,4322445553
Hector,Support,6845508578
Stanley,Support,4863161187
Lawton,Engineering,2847619962
Roger,Services,3076011836
Arther,Accounting,2977779505
Francyne,Engineering,8799096176
Frans,Services,6251234371
Gare,Services,1725547198
Shina,Legal,7539531985
Shane,Support,5843296586
Melloney,Legal,4964417052
Arthur,Research and Development,3773349211
Adena,Human Resources,1722626963
Josepha,Sales,1435401108
Nahum,Support,1896534068
Saleem,Accounting,6171211069
Lela,Engineering,7977070245
Myra,Training,9171735818
Dorene,Sales,5208602592
Addi,Human Resources,5584360227
Brinn,Legal,6315519390
Timoteo,Support,9239857945
Peg,Marketing,7924105178
Brande,Accounting,8609751788
Pavia,Engineering,9072825323
Dorolice,Marketing,3153909961
Rodd,Services,6623356353
Nappy,Engineering,1557041658
Sapphira,Legal,9575111310
Fancie,Support,1821141430
Neile,Accounting,1835795689
Walton,Human Resources,9998202236
Nikos,Support,8594925080
Jude,Marketing,1207089783
Joseph,Marketing,3156672190
Patricio,Engineering,7355864630
Fin,Research and Development,5168713079
Jo,Research and Development,4227673532
Brendis,Services,9165606932
Marve,Human Resources,5908680212
Krissie,Services,4282261092
Bealle,Human Resources,3872564670
Debbi,Legal,2275033980
Rayna,Marketing,7698057553
Marci,Human Resources,7792456291
Orlando,Legal,7703790663
Flossi,Research and Development,3712060754
Andra,Sales,9414454203
Delaney,Accounting,7971841748
Lorena,Training,4275583246
Rogers,Engineering,2093792996
Emelyne,Product Management,9907120135
Bram,Human Resources,3358444048
Mayor,Legal,9103413895
Christine,Services,9478515864
Der,Product Management,4068387009
Jarret,Engineering,6218656752
Parry,Business Development,2936374111
Hyacinth,Product Management,7439753802
Victoria,Engineering,2872811817
Alaine,Accounting,1695509827
Aigneis,Marketing,9829996613
Dorie,Training,1302339056
Dalton,Engineering,6497299577
Natka,Accounting,9121020894
Griswold,Support,7684165538
Matthias,Marketing,8363565778
Joceline,Human Resources,1877302829
Kelsey,Accounting,9538210004
Dahlia,Accounting,4881710065
Verene,Research and Development,8738845884
Lesya,Training,8777677038
Olin,Sales,8491813573
Isak,Support,1583664110
Frederico,Services,9576587374
Florance,Training,6503316144
Nico,Human Resources,5244741541
Sollie,Human Resources,8613067280
Edan,Marketing,9788353005
Gawain,Research and Development,2075210963
Niels,Research and Development,7951008284
Hugues,Marketing,3626565353
Bartlett,Services,3454887592
Sena,Services,8428502247
Moyna,Human Resources,4065275905
Megen,Business Development,8268680091
Maxim,Marketing,2106213665
Bidget,Marketing,3473097691
Vickie,Engineering,2513651906
Myrtia,Product Management,3319478516
Giustina,Support,8593039973
Sergei,Accounting,1773628072
Angelina,Product Management,7127125306
Sharline,Human Resources,6382828784
Inness,Business Development,9116567385
Sofia,Training,6791133394
Star,Product Management,7781078269
Shina,Support,7392866446
Hettie,Research and Development,3871575627
Bruno,Marketing,1037169557
Yves,Training,2192582569
Steve,Services,4256848905
Angelica,Sales,7281866644
Stacee,Support,6734749584
Isaac,Marketing,3144700415
Emmy,Marketing,6175860888
Lorens,Training,7833928607
Timmie,Sales,4474129507
Rianon,Marketing,9059342646
Jenilee,Legal,3497344933
Corrinne,Marketing,4083428670
Gigi,Human Resources,3499308348
Gregorio,Human Resources,5257612357
Marlena,Business Development,3916093616
Pedro,Support,4668929933
Babita,Sales,9408675475
Libbi,Product Management,8612308968
Tilly,Accounting,6987332733
Kaycee,Training,8706702998
Ardene,Product Management,7572901830
Haleigh,Marketing,9389532154
Anny,Legal,7891251383
Mirella,Support,7712135535
Nike,Human Resources,2363982298
Amery,Human Resources,1433625928
Tabby,Product Management,1521630335
El,Legal,7255553957
Manuel,Engineering,9793446396
Maryjane,Accounting,1339967322
Erick,Accounting,2789568720
Erminie,Sales,3929015117
Hannis,Sales,4713966216
Ariana,Engineering,6135006325
Daune,Support,6119672362
Erin,Services,5258074946
Brynna,Human Resources,6157736960
Tillie,Sales,9988999399
Rutledge,Business Development,4229800863
Desirae,Training,2706481147
Bent,Accounting,9638755200
Herman,Human Resources,6364277447
Bertha,Accounting,2755946197
Lind,Accounting,4707140576
Juline,Product Management,6647589600
Bertie,Human Resources,8028697399
Kim,Support,8068327464
Bria,Research and Development,1768734426
Nessa,Support,6535860120
Filippo,Services,4066798940
Irving,Accounting,9639615639
Sansone,Research and Development,4322434042
Neila,Accounting,9371439119
Alysia,Human Resources,2238103822
Diannne,Engineering,5958928614
Christine,Training,4745645068
Umeko,Training,6981032843
Griswold,Support,4492815130
Nanny,Support,9662840423
Jo ann,Legal,4214574577
Sherwood,Product Management,5888205633
Ingeberg,Business Development,2483601582
Elwyn,Accounting,2332834280
Owen,Human Resources,4683553117
Shannon,Sales,9605136357
Rinaldo,Business Development,7745752530
Giavani,Research and Development,5166298819
Robbyn,Services,6983845094
Augy,Services,7913373465
Larisa,Services,1678223929
Trace,Services,9138443363
Corrianne,Human Resources,4182492107
Caddric,Legal,1249436791
Lurette,Support,1371169817
Emmeline,Support,9114142780
Rutledge,Research and Development,4468868740
Austin,Legal,9656565310
Rickie,Legal,3225457369
Catherin,Engineering,1923427796
Cinnamon,Services,7009581287
Idalina,Accounting,7221828296
Randal,Human Resources,7994881649
Penrod,Engineering,6815220561
Patrica,Support,4799077401
Andee,Support,6829103399
Si,Training,5401087790
Coriss,Legal,9308381285
Stormie,Human Resources,9829749217
Tait,Product Management,6927079782
Marcel,Legal,5024318966
Dru,Accounting,3904430935
Bernadine,Marketing,4547958803
Frederic,Accounting,7168887987
Gerik,Marketing,6919963917
Ric,Legal,2507537159
Saidee,Support,6419654961
Nahum,Business Development,1746421425
Pierrette,Engineering,2773872987
Flin,Business Development,5535644933
Domeniga,Engineering,7487200904
Jonathan,Product Management,6448967820
Aldis,Business Development,1869945203
Jedd,Business Development,9948778695
Genvieve,Product Management,4882737252
Camellia,Accounting,2297652799
Agace,Product Management,3334467212
Lilli,Sales,1979542003
Matilde,Support,6365497594
Rosa,Sales,8002326061
Naomi,Business Development,2123895442
Burr,Marketing,1362546235
Kermit,Sales,4382977925
Adriaens,Support,9879864784
Anne-marie,Services,9119558062
Priscilla,Training,3416688367
Joeann,Research and Development,7885346618
Rice,Business Development,9419035949
Sandi,Product Management,7116666864
Barbe,Marketing,1016674170
Kurt,Training,8807622715
Darby,Accounting,3296467360
Averil,Services,6034209626
Andy,Legal,9388379892
Merissa,Marketing,2868840928
Adelbert,Engineering,2266691994
Sondra,Accounting,6714618431
Mariele,Support,1564087662
Nikolaos,Marketing,9194487384
Oliy,Research and Development,7515502827
Markos,Engineering,5588985706
Liesa,Accounting,1655945732
Saba,Marketing,2021061435
Gerick,Accounting,6762528290
Kym,Support,8034735324
Godfry,Support,1204541801
Hinze,Accounting,8207403618
Pancho,Sales,3338164145
Merissa,Legal,7639748530
Jess,Training,4222996957
Faina,Research and Development,8208364637
Katheryn,Training,3641318811
Cathryn,Legal,1122131015
Ermengarde,Legal,3404698937
Randy,Engineering,2566803603
Christian,Training,3038756691
Lonnie,Services,1489704372
Ardelis,Training,8676229667
Cherry,Business Development,8187833944
Fredia,Product Management,1895346629
Tremaine,Support,4134510546
Angelica,Support,7833671855
Iris,Research and Development,8605482628
Karlene,Research and Development,1809798261
Horst,Product Management,1127988992
Brade,Services,5537930255
Cathyleen,Legal,8223008964
Gerhard,Legal,2763223249
Gonzales,Sales,4383228519
Reeva,Human Resources,4751086059
Matias,Engineering,7769838102
Nadean,Marketing,6238972673
Elvera,Business Development,7388439860
Morissa,Business Development,2667044592
Barbra,Support,4222848182
Juliet,Legal,3341764958
Cornie,Human Resources,7115530419
Cliff,Training,4916626518
Kris,Research and Development,7988092718
Sibella,Marketing,5027331972
Annabella,Engineering,1379900782
Antin,Product Management,3169933442
Libbi,Legal,1061704693
Sharlene,Support,9881915984
Helenelizabeth,Legal,2968270079
Sybilla,Engineering,5911895479
Katie,Sales,7045384426
Hillyer,Services,7031461499
Morgen,Legal,7413510332
Gardy,Sales,4333945838
Shayne,Training,9185586351
Hanna,Support,8446549944
Lucita,Accounting,7958531066
Taryn,Marketing,8973541940
Mord,Sales,3768099961
Phillida,Research and Development,7641703236
Conrade,Business Development,8973606809
Shara,Legal,2426776644
Vi,Research and Development,2236824589
Kayley,Sales,1557049113
Marmaduke,Marketing,7037610738
Aluino,Engineering,3901517699
Adan,Marketing,2914647716
Kalil,Research and Development,2559398831
Arlina,Research and Development,3944180324
Jamey,Research and Development,3461877755
Jethro,Support,9816222043
Christopher,Engineering,6523274883
Yard,Training,6569595642
Tatum,Research and Development,7279263533
Suzette,Training,5802458234
Osmond,Research and Development,2764461671
Boote,Engineering,9046834819
Phoebe,Sales,4553740490
Kennie,Training,8048644262
Tish,Product Management,5851452980
Esdras,Accounting,7225411199
Theodoric,Research and Development,2402430827
Henrie,Accounting,4251744961
Ophelia,Support,6861887775
Natka,Marketing,3869481535
Linoel,Sales,7689747042
Emalee,Legal,9146384961
Tonia,Services,3899306529
Chad,Training,9113019685
Kesley,Business Development,9649863399
Sigrid,Services,9965449403
Miquela,Sales,3746821271
Spencer,Product Management,5549438597
Maurie,Legal,2099838671
Darb,Support,4526434018
Francklin,Marketing,9515288400
Willow,Sales,2953868136
Welbie,Product Management,7834919249
Jane,Sales,8395473928
Coral,Accounting,8151040821
Sascha,Product Management,8095768117
Evered,Marketing,7231613453
Lulita,Research and Development,3263979842
Lina,Support,2708457365
Sawyer,Services,5638867488
Korie,Legal,9481947641
Erminie,Research and Development,6073887988
Doralia,Marketing,8162836500
Thea,Business Development,4953997570
Benetta,Training,4892230374
Stafford,Research and Development,8546458615
Gwendolin,Product Management,6301075292
Barri,Engineering,4855431265
Lisha,Support,6573486995
Olly,Human Resources,1205105899
Allister,Accounting,8236187752
Micky,Marketing,9279355824
Elna,Marketing,4157094568
Roxana,Sales,2548836821
Nicol,Training,7465202510
Oneida,Business Development,5635132652
Atalanta,Accounting,7038464786
Thedrick,Research and Development,2477990728
Nealson,Training,4996215952
Laurena,Human Resources,2092552373
Dael,Legal,9314924382
Dorolisa,Sales,1672558937
Romain,Research and Development,6388982968
Nerita,Marketing,2525118773
Deane,Research and Development,6007511601
Dionisio,Support,6124755007
Estele,Support,7103875056
Ariana,Sales,3257373433
Edyth,Business Development,8583719691
Elfie,Business Development,9488723180
Elvis,Product Management,4297652610
Alana,Research and Development,8329702104
Elora,Training,2468444509
Judi,Sales,9539473313
Shalna,Human Resources,9987682730
Sabina,Legal,1488170351
Cathe,Human Resources,6964408686
Willabella,Product Management,1977768576
Teresina,Services,1434238448
Kellen,Human Resources,1196418520
Geno,Research and Development,8075176530
Fredi,Marketing,2432074779
Maude,Engineering,6042876514
Farley,Marketing,8361395381
Augusto,Services,3412273941
Mel,Support,9601339911
Clay,Accounting,3298364512
Maryellen,Sales,5576369348
Onofredo,Sales,8919057679
Martie,Marketing,4971110765
Gayler,Services,3986972658
Kary,Business Development,9172617146
Gal,Support,2496471098
Elenore,Legal,3487453239
Krysta,Human Resources,8515131074
Sunny,Legal,7838359502
Fidel,Training,5288810136
Elinor,Engineering,5268293713
Karlik,Research and Development,6788679471
Maurise,Accounting,7496699710
Kristo,Support,4856536963
Winnah,Legal,4762042425
Natassia,Accounting,7652905099
Irena,Business Development,4845373025
Johan,Research and Development,1445811884
Sybila,Human Resources,4218424936
Boyce,Engineering,3524573481
Addy,Services,8756310366
Mattias,Legal,9873198333
Arlana,Human Resources,4127841267
Gorden,Human Resources,7674671306
Horatius,Product Management,4204197735
Rolph,Sales,8803544511
Emalee,Sales,1145303587
Miltie,Legal,8882519247
Tisha,Training,4422354802
Priscilla,Marketing,4376596698
Jacinta,Services,7999263092
Joscelin,Support,1322374322
Mischa,Sales,8937436068
Angie,Services,8546386570
Florance,Product Management,6439959593
Hamish,Accounting,2702400622
Jillie,Human Resources,3068166824
Orsola,Engineering,5661454466
Worthington,Human Resources,1675497633
Karrie,Legal,2038644393
Palmer,Accounting,2186965897
Emera,Marketing,6341619523
Gwenora,Support,8442610806
Codie,Business Development,6887339249
Maribel,Legal,7513699497
Ottilie,Training,7211584883
Myles,Business Development,2975355175
Gerardo,Marketing,2775946350
Bronny,Training,3528431955
Shalne,Engineering,3567348153
Myrlene,Legal,6156757293
Mirilla,Support,2724519947
Cooper,Human Resources,6198607343
Lynsey,Research and Development,7254124424
Lemmy,Legal,5375445669
Julia,Research and Development,5466267286
Wynn,Training,4131379846
Ag,Accounting,4662613031
Allyn,Human Resources,7186577373
Chantalle,Services,7497837298
Gael,Human Resources,2795274641
Irene,Support,1174582076
Thaddeus,Engineering,3981660431
Cece,Support,2949617345
Chev,Research and Development,8066066539
Danette,Support,4104247397
Trix,Engineering,2685273451
Melvin,Engineering,7164484284
Clarence,Support,5686954665
Michale,Services,8495337564
Truda,Legal,5918864982
Marji,Sales,1568004041
Morena,Product Management,2711567353
Jeffie,Marketing,4989487641
Ola,Accounting,9602508423
Pauline,Marketing,2956480033
Marnia,Marketing,5761241923
Bart,Engineering,8775002157
Georgie,Human Resources,4444676271
Elonore,Accounting,3315730414
Freddi,Research and Development,7621392449
Burnard,Sales,3151992299
Ula,Services,8457301281
Pepi,Training,3617842956
June,Research and Development,4054268694
Consolata,Product Management,5693558888
Elsbeth,Support,2603354127
Dermot,Business Development,2391857387
Alicea,Human Resources,3503075310
Raul,Legal,1437334001
Ailee,Training,5858690666
Genni,Human Resources,9492990949
Matt,Marketing,7245383770
Christye,Sales,7679564230
Chalmers,Business Development,7254514353
Mable,Training,7254227094
Chiquita,Product Management,8875668199
Marcelo,Engineering,8609454615
Gusella,Accounting,5578677915
Rhiamon,Services,4124431146
Reggie,Human Resources,6248452155
Sherline,Business Development,9383540629
Waylan,Product Management,3986645937
Gardener,Marketing,4084148347
Kimball,Product Management,4737407318
Craig,Support,9223177360
Garrik,Marketing,4279116001
Crichton,Sales,2919846912
Sheilah,Product Management,4733052863
Danell,Business Development,1515460568
Delcina,Human Resources,1836228323
Janis,Human Resources,3306854894
Amerigo,Services,5889215286
Bernadine,Sales,5084944843
Kerwinn,Human Resources,1874104596
Fernando,Sales,8631146143
Vanya,Legal,3034069579
Zuzana,Legal,5168153188
Todd,Marketing,1961637713
Tobias,Accounting,2217404218
Rina,Research and Development,9498675532
Chance,Sales,4679988556
Cash,Sales,6668940703
Gianni,Engineering,3879561251
Jaye,Accounting,8507801281
Sayre,Services,4256986915
Lilah,Training,2576763775
Francklin,Research and Development,4077735510
Felecia,Legal,1414094845
Janetta,Business Development,6121449057
Inigo,Engineering,7408363784
Janel,Marketing,4334035533
Edin,Accounting,7939224056
Cherise,Marketing,1259363252
Brig,Research and Development,4537414000
Kristoforo,Research and Development,7235419963
Audrye,Business Development,8414258555
Eberto,Engineering,8287562576
Meyer,Accounting,4004494368
Kelcy,Product Management,1361592481
Pryce,Training,6964870944
Inge,Legal,9109442312
Darnall,Training,9873339027
Amble,Sales,7969388896
Nicky,Engineering,1431147686
Lanita,Training,4796685994
Alberto,Sales,6205564838
Perl,Services,1267053502
Maxie,Human Resources,3354884474
Nealy,Engineering,1904144897
Alexis,Training,8932246472
Zack,Product Management,2673527631
Selie,Engineering,5804826430
Florry,Research and Development,5387477609
Laney,Product Management,4315957683
Mariette,Research and Development,6042495032
Fionna,Marketing,1846374705
Eugine,Business Development,9153905055
Launce,Marketing,7707934192
Evangelina,Research and Development,8712665854
Lind,Training,4014815103
Robin,Business Development,7384633500
Merrel,Sales,8956114940
Erinna,Human Resources,3443567407
Hali,Engineering,9083000712
Gay,Human Resources,2715832555
Johnathan,Accounting,7681218091
Dukie,Accounting,8039102241
Kimberly,Support,2401983482
Manya,Marketing,8946813520
Nanice,Sales,4823424687
Abbey,Engineering,1192694026
Glenden,Marketing,5187631714
Far,Research and Development,8616561148
Allard,Sales,1218103242
Brynna,Legal,6139853974
Darice,Legal,2585995306
Osgood,Research and Development,9164906300
Prissie,Support,4397962006
Farah,Research and Development,5582349378
Alyson,Product Management,3147507171
Ronnica,Accounting,7252766416
Carlota,Engineering,5971173574
Kristofer,Support,7638941849
Eberhard,Training,4132051993
Pierette,Engineering,5357517290
Clevey,Human Resources,6582526552
Caitrin,Legal,1372915939
Eran,Engineering,7163882526
Gavan,Business Development,3094102690
Sondra,Research and Development,7454664572
Torrence,Services,7574642031
Bastien,Support,1594936651
Henrietta,Human Resources,5418793251
Cathi,Training,6811582498
Emlen,Services,6264008138
Margaret,Sales,7766033394
Cheryl,Support,1518772253
Pace,Accounting,7056000002
Wallis,Business Development,5332479979
Rebeka,Support,4416007749
Renate,Research and Development,1479048569
Mag,Human Resources,4228098121
Shannah,Support,2982589913
Cedric,Human Resources,5162556431
Dario,Legal,6033161844
Karissa,Support,3443100045
Artus,Human Resources,9755647301
Hollyanne,Sales,5861688995
Trumann,Legal,2694537954
Bonnibelle,Accounting,7886358898
Tiff,Training,2749737698
Arabela,Product Management,4667259697
Yovonnda,Marketing,1384813295
Hedy,Training,4989886182
Ysabel,Marketing,8447705537
Broderick,Legal,5843651029
Julie,Support,5127465717
Lukas,Research and Development,7563896680
Yorke,Training,1613922667
Tildi,Business Development,6545802809
Conan,Training,8672960381
Bartholemy,Sales,6539384418
Mariette,Business Development,5185186284
Hayyim,Legal,9869398537
Davine,Support,6642675764
Denise,Marketing,4739760688
Moishe,Engineering,8392733008
Wolfie,Research and Development,4596674081
Desi,Research and Development,4153912004
Gualterio,Marketing,9523944386
Herb,Sales,9456576757
El,Product Management,3988216258
Flynn,Support,6321305295
Hayyim,Product Management,8983770893
Silas,Accounting,2382372002
Kathleen,Engineering,7613553713
Osbourne,Marketing,3118083350
Katharyn,Training,7055803449
Neda,Accounting,5393029729
Ulrick,Product Management,2036036350
Aldric,Services,8528183964
Alia,Marketing,5495361212
Saundra,Business Development,3582554790
Gustav,Accounting,3024840661
Lorilee,Accounting,9869873814
Amalita,Legal,6766562763
Ernestine,Support,5101474838
Reginauld,Accounting,5999574687
Guillemette,Training,7784253592
Gina,Business Development,5601790114
Claudianus,Business Development,2192667917
Korie,Product Management,2924280021
Elonore,Support,8956138925
Cori,Product Management,4564803092
Mariann,Research and Development,6961770490
Tomasina,Training,4749210223
Cybil,Legal,3932149066
Jeannine,Research and Development,6098071039
Minnnie,Training,1539722323
Lilia,Legal,3346899763
Kristan,Legal,7746654797
Bethany,Accounting,8831742334
Clary,Research and Development,6308963452
Ferdinand,Legal,2829838980
Mei,Legal,6801646734
Louisette,Accounting,5136633836
Dorine,Research and Development,2505257401
Fania,Human Resources,5152187801
Derrik,Marketing,9082411420
Allister,Services,2321526825
Franky,Product Management,2063815561
Humfrey,Research and Development,4122149283
Daven,Research and Development,9624099665
Bartholomew,Services,3289686053
Daveen,Sales,2919578695
Janos,Sales,3398614495
Xever,Services,5626820044
Rachelle,Marketing,6364742622
Kaycee,Sales,6554839049
Darda,Research and Development,2184309831
Charyl,Services,4994586043
Aube,Product Management,8682077262
Tish,Accounting,9798504428
Briny,Training,8817106808
Avigdor,Product Management,8266073383
Delmor,Sales,1577259485
Mannie,Support,6619996997
Birgit,Legal,8047243931
Vaughan,Human Resources,5092025078
Kearney,Human Resources,2212785287
Stevy,Services,3404841987
Corbie,Product Management,2513104954
Aggy,Product Management,2926934528
Gustaf,Services,8907098206
Arlin,Product Management,8558820521
Cissy,Human Resources,1876741106
Babbie,Support,6521300336
Bartolemo,Human Resources,3113398664
Corbett,Research and Development,5414007983
Rodie,Legal,3777329865
Clarey,Sales,8941040934
Nanice,Engineering,4546161487
Barnabas,Training,2791592142
Shellysheldon,Business Development,5584154999
Bryce,Human Resources,5152725834
Drona,Research and Development,1689330417
Freddie,Research and Development,4474782656
Elianore,Support,9333848317
Leslie,Product Management,8382289508
Ban,Legal,1663598665
Monica,Marketing,3517948199
Sidoney,Accounting,8979496630
Burke,Research and Development,5473365590
Eden,Marketing,1655192325
Luke,Accounting,4679057523
Rodrique,Accounting,5555907874
Tudor,Engineering,9792641529
Nadean,Marketing,9444072890
Jeffie,Support,1414026650
Graeme,Legal,6957212431
Bel,Legal,3322805260
Winslow,Engineering,9789894685
Ottilie,Research and Development,7868830033
Deloris,Marketing,5853303728
Sara-ann,Services,3458394274
Luther,Training,7377437735
Hewett,Sales,1217017134
Hayden,Marketing,5458629971
Jannelle,Engineering,2353157856
Hollie,Research and Development,5171246677
Josephina,Sales,6277592661
Jeannine,Training,6495348896
Yves,Legal,1408245339
Sioux,Product Management,6625699863
Brooks,Marketing,9967553030
Claiborne,Research and Development,4655321253
Ruthe,Business Development,4924216027
Micki,Product Management,6679688543
Felipa,Sales,2572773586
Titus,Engineering,2993052649
Valery,Human Resources,6845099923
Bettine,Research and Development,4314014853
Karry,Legal,6164307629
Clarisse,Services,1088041737
Brodie,Human Resources,6588475314
Kenyon,Product Management,8835900489
Fayette,Engineering,7288111640
Millisent,Engineering,3731012465
Orlando,Engineering,5492792292
Rollie,Sales,6076501339
Cathryn,Research and Development,1043182769
Jewel,Sales,2325363754
Pattin,Services,7616131048
Tatum,Research and Development,1534245987
Becky,Product Management,4578377835
Ellswerth,Services,6923603506
Nevsa,Marketing,8894770873
Lorette,Business Development,1219170493
Freida,Product Management,6292530531
Kipp,Training,8845206276
Laverne,Sales,6046331017
Britte,Legal,3926601639
Ernie,Human Resources,2155787853
Amata,Business Development,2362572295
Malina,Support,2662681249
Pieter,Marketing,1626680614
Madelina,Human Resources,9772168241
Issie,Engineering,7569469628
Nerita,Research and Development,3267339873
Kellie,Legal,3635837975
Monika,Engineering,6344680878
Merl,Support,9499994379
Camilla,Legal,2803290950
Heidie,Accounting,2582986480
Candy,Legal,1519641395
Kennett,Business Development,1518895643
Verla,Services,9426128166
Corenda,Accounting,6522494755
Valle,Human Resources,1462115494
Carver,Legal,8508762128
Cristina,Legal,6907464118
Rockie,Human Resources,6202759568
Hallsy,Services,7736125933
Kathlin,Support,5335289753
Lonnard,Accounting,1894666715
Moishe,Marketing,2695777209
Arleta,Engineering,9481569951
Pepito,Support,7295227010
Robinett,Sales,6783420887
Ariadne,Legal,2521655984
Clara,Support,9822698507
Bale,Marketing,8994418487
Forrest,Business Development,6703503686
Dulcine,Services,1569861446
Guenevere,Engineering,2241114445
Mannie,Accounting,4386646726
Cam,Engineering,9478594984
Gaylor,Sales,1815863528
Clemence,Sales,8514365363
Normie,Support,6353421913
Clara,Business Development,4948071875
Jacquelynn,Business Development,9758293314
Vick,Business Development,8394037372
Chelsae,Product Management,4718448457
Clevey,Accounting,9712797496
Elwood,Marketing,8175104069
Griff,Human Resources,3573824667
Rozelle,Accounting,4515066139
Gilberta,Services,6696769842
Marijn,Support,9555144937
Franchot,Business Development,8854462242
Hatty,Accounting,3517259180
Quintin,Support,7705291124
Cull,Research and Development,2663741209
Sanford,Services,1233030837
Darius,Human Resources,7879578953
Myrah,Accounting,3336008488
Chad,Research and Development,3258060231
Octavia,Sales,8929216508
Goldia,Research and Development,5195516360
Kingsley,Training,4644708553
Bren,Legal,6061271872
Dickie,Legal,9273741070
Shirlee,Human Resources,4054655787
Homer,Training,8184604540
Elladine,Support,2351433332
Claudina,Engineering,3279393884
Ettie,Business Development,9556271823
Dane,Sales,8206548304
Puff,Support,8774417746
Elihu,Marketing,1339816480
